Name,Fulladdress,Street,Municipality,Categories,Phone,Phones,Claimed,Review Count,Average Rating,Review URL,Google Maps URL,Latitude,Longitude,Website,Domain,Opening hours,Featured image,Cid,Place Id,Kgmid,Plus code,Google Knowledge URL,Email,Social Medias,Facebook,Instagram,Twitter,Yelp
Leela's Boutique,"199-AD, Scheme 54 Rd, Vijay Nagar, Indore, Madhya Pradesh 452010",199-AD,Scheme 54 Rd,Women's clothing store,0731 400 4226,"0731 400 4226, +91 731 400 4226",YES,936,4.5,https://search.google.com/local/reviews?placeid=ChIJY4cU8tMDYzkRb45AF8MC7O0&q=boutiques+in+scheme+no+54++indore&authuser=0&hl=en&gl=IN,https://www.google.com/maps?cid=17144080918424620655,22.7558906,75.894829,,,"Wednesday:[11 am–8:30 pm], Thursday:[11 am–8:30 pm], Friday:[11 am–8:30 pm], Saturday:[11 am–8:30 pm], Sunday:[11 am–8:30 pm], Monday:[11 am–8:30 pm], Tuesday:[11 am–8:30 pm]",https://lh3.googleusercontent.com/gps-cs-s/APNQkAH_tSSE108vqbo7SRkM4soMSRjiM-bxSlthqUuZRXeAYNzaUUVBC7u3KMAory2EnOwC7WR3xkESlMFU_QktFdFLpKuzvK50w8AqAAuuYM73XW16F5UXGm3WyWFMGibbMEUUg7CUcQ=w80-h106-k-no,17144080918424620655,ChIJY4cU8tMDYzkRb45AF8MC7O0,*** Visible after upgrade ***,*** Visible after upgrade ***,*** Visible after upgrade ***,*** Visible after upgrade ***,*** Visible after upgrade ***,*** Visible after upgrade ***,*** Visible after upgrade ***,*** Visible after upgrade ***,*** Visible after upgrade ***
The Boutique by Poonam Khurana,"Shop No.UG-1&2, Shekhar Palace Opposite Golden Gate Scheme No.54, Scheme No 54, Indore, Madhya Pradesh 452010","Shop No.UG-1&2, Shekhar Palace Opposite Golden Gate Scheme No.54",Scheme No 54,Clothing store,099936 37937,"099936 37937, +91 99936 37937",YES,148,4.4,https://search.google.com/local/reviews?placeid=ChIJs6Mjtq4CYzkRBrNdQrkNxIc&q=boutiques+in+scheme+no+54++indore&authuser=0&hl=en&gl=IN,https://www.google.com/maps?cid=9782959379889107718,22.7561285,75.89261479999999,,,"Wednesday:[11 am–9 pm], Thursday:[11 am–9 pm], Friday:[11 am–9 pm], Saturday:[11 am–9 pm], Sunday:[4:30–8:30 pm], Monday:[11 am–9 pm], Tuesday:[11 am–9 pm]",https://lh3.googleusercontent.com/gps-cs-s/APNQkAGWSCtg8PbCUT1VsgRQZA1dBvZkJT7YeEttlb2JELz65aBiEUSoTBtu9t3Iq7NwllMb28tjfANNC8Z_HYnCi8vhAi7ke4avcGseeLH7Gb5XrE-BWwFCxdnhIVX-0fx9D_ZevP2o6Q=w138-h92-k-no,9782959379889107718,ChIJs6Mjtq4CYzkRBrNdQrkNxIc,*** Visible after upgrade ***,*** Visible after upgrade ***,*** Visible after upgrade ***,*** Visible after upgrade ***,*** Visible after upgrade ***,*** Visible after upgrade ***,*** Visible after upgrade ***,*** Visible after upgrade ***,*** Visible after upgrade ***
Kimaya Kreations,"162, BG, Scheme No 74C, Vijaynagar, Indore, Madhya Pradesh 452010",162,BG,Boutique,090093 97171,"090093 97171, +91 90093 97171",YES,64,3.8,https://search.google.com/local/reviews?placeid=ChIJjf8qgq8CYzkRxIZDhaJyZCk&q=boutiques+in+scheme+no+54++indore&authuser=0&hl=en&gl=IN,https://www.google.com/maps?cid=2982634895572174532,22.7579028,75.8926917,,,"Wednesday:[11 am–7 pm], Thursday:[11 am–7 pm], Friday:[11 am–7 pm], Saturday:[11 am–7 pm], Sunday:[Closed], Monday:[11 am–7 pm], Tuesday:[11 am–7 pm]",https://lh3.googleusercontent.com/gps-cs-s/APNQkAF45_lpWD9R-RaPFJAUBlxyBbJy1XFIVP1LajN2f4FOIk936wYYmKBHibLS26_zBvpDK2rQXqgzfMBKGAKFPpyfFVOhrHpcvdVYfngYp_5DevtnNgDAhdaIyMP133GhMt25al0Hyw=w204-h92-k-no,2982634895572174532,ChIJjf8qgq8CYzkRxIZDhaJyZCk,*** Visible after upgrade ***,*** Visible after upgrade ***,*** Visible after upgrade ***,*** Visible after upgrade ***,*** Visible after upgrade ***,*** Visible after upgrade ***,*** Visible after upgrade ***,*** Visible after upgrade ***,*** Visible after upgrade ***
Sanvi Designer Boutique & Saree,"80D, New Rd, beside of Arihant acedami, Sector A, Slice 1, slide 1, Vijay Nagar, Indore, Madhya Pradesh 452010","80D, New Rd",beside of Arihant acedami,Boutique,090988 79969,"090988 79969, +91 90988 79969",NO,76,4.9,https://search.google.com/local/reviews?placeid=ChIJ202qSLYCYzkRIQ7W_df148k&q=boutiques+in+scheme+no+54++indore&authuser=0&hl=en&gl=IN,https://www.google.com/maps?cid=14547741529362271777,22.7687003,75.89102,,,"Wednesday:[11 am–11 pm], Thursday:[11 am–11 pm], Friday:[11 am–11 pm], Saturday:[11 am–11 pm], Sunday:[11 am–11 pm], Monday:[11 am–11 pm], Tuesday:[11 am–11 pm]",https://lh3.googleusercontent.com/gps-cs-s/APNQkAFFmYxszQRmaD5veVEvWKe5ItFCkiqdF1wqG1g2_hNuKSU6jFqXG2qEfa28UFnrfrH0gnDGgjJ4Bkvq1EJkoQ5DltM_0qngVOMfqtvlHmA0Flt4Cw0zzptcFCSoH9WGHCzTvjJ9=w80-h106-k-no,14547741529362271777,ChIJ202qSLYCYzkRIQ7W_df148k,*** Visible after upgrade ***,*** Visible after upgrade ***,*** Visible after upgrade ***,*** Visible after upgrade ***,*** Visible after upgrade ***,*** Visible after upgrade ***,*** Visible after upgrade ***,*** Visible after upgrade ***,*** Visible after upgrade ***
Anusha J Couture,"105, Princes Business Skypark, Agra Bombay Road, LIG Colony, Indore, Madhya Pradesh 452010",105,Princes Business Skypark,"Boutique,Clothing store,Designer Clothing Store,Fashion designer,Formal Clothing Store,Plus Size Clothing Store,Western apparel store",098269 63500,"098269 63500, +91 98269 63500",YES,60,4.5,https://search.google.com/local/reviews?placeid=ChIJEZRiXG39YjkRncBMPXMOfXU&q=boutiques+in+scheme+no+54++indore&authuser=0&hl=en&gl=IN,https://www.google.com/maps?cid=8465938762638868637,22.7457292,75.8928428,,,"Wednesday:[11 am–8 pm], Thursday:[11 am–8 pm], Friday:[11 am–8 pm], Saturday:[11 am–8 pm], Sunday:[Closed], Monday:[11 am–8 pm], Tuesday:[11 am–8 pm]",https://lh3.googleusercontent.com/gps-cs-s/APNQkAHZhhMlHjpJzqnlUVwzKQ-m4d-0ldqEL8doFK12egT56mME__aNNlgICiolgjtPSAZs15g4UPvpYVmRgyvSPiJaNF-SeuVqwG2rYR155laxo10tCZZmLwNc6kqdCHTzj0hesYQIeA=w138-h92-k-no,8465938762638868637,ChIJEZRiXG39YjkRncBMPXMOfXU,*** Visible after upgrade ***,*** Visible after upgrade ***,*** Visible after upgrade ***,*** Visible after upgrade ***,*** Visible after upgrade ***,*** Visible after upgrade ***,*** Visible after upgrade ***,*** Visible after upgrade ***,*** Visible after upgrade ***
Rajeev cloth store,"LG-5, Bafna Tower, Scheme 54 PU4, Indore, Madhya Pradesh 452010","LG-5, Bafna Tower",Scheme 54 PU4,Designer Clothing Store,091111 13888,"091111 13888, +91 91111 13888",YES,53,4.8,https://search.google.com/local/reviews?placeid=ChIJA2XjN_sDYzkRVwAdN4-GUhc&q=boutiques+in+scheme+no+54++indore&authuser=0&hl=en&gl=IN,https://www.google.com/maps?cid=1680553560625709143,22.754065,75.8832845,,,"Wednesday:[11 am–10:30 pm], Thursday:[11 am–10:30 pm], Friday:[11 am–10:30 pm], Saturday:[11 am–10:30 pm], Sunday:[12–4 pm], Monday:[11 am–10:30 pm], Tuesday:[11 am–10:30 pm]",https://lh3.googleusercontent.com/gps-cs-s/APNQkAHHvW9MeFb5hJHDF6XYo6ir0Hl6Yffbo4k9wcx1Ovfp27_yDmkxj1rp9SzVybyDhTvdymsEbAoHHCZETzJ3j97BR0a5dCTZOENQYcNaHF1PrLaOBvudxj0p7iONJs8mmm2NfaYX1A=w138-h92-k-no,1680553560625709143,ChIJA2XjN_sDYzkRVwAdN4-GUhc,*** Visible after upgrade ***,*** Visible after upgrade ***,*** Visible after upgrade ***,*** Visible after upgrade ***,*** Visible after upgrade ***,*** Visible after upgrade ***,*** Visible after upgrade ***,*** Visible after upgrade ***,*** Visible after upgrade ***
SHRADHA BOUTIQUE AND FASHION,"near, Mayur Hospital, G-1 Pearl Plaza Sch No 94, Indore, Madhya Pradesh 452016",near,Mayur Hospital,Boutique,095755 07778,"095755 07778, +91 95755 07778",YES,33,4.9,https://search.google.com/local/reviews?placeid=ChIJLS7AAFnjYjkRvLd92yRWPaM&q=boutiques+in+scheme+no+54++indore&authuser=0&hl=en&gl=IN,https://www.google.com/maps?cid=11762652518062864316,22.724715099999997,75.9065285,,,"Wednesday:[10 am–6 pm], Thursday:[10 am–6 pm], Friday:[10 am–6 pm], Saturday:[10 am–6 pm], Sunday:[12–4 pm], Monday:[10 am–6 pm], Tuesday:[10 am–6 pm]",https://lh3.googleusercontent.com/gps-cs-s/APNQkAE3J5n_UBrJyUXrWFt8JENXJdAOwUkVMXJYIMY-6uNWEqTuYElc6KaBWnBX_q87CC-RmeScBncppD3gPYUWhXIeeW9UyaFkI6DohFE8qZuUXTUNx3h5Cs5oyzeq5KK2z0LrXmmb=w80-h142-k-no,11762652518062864316,ChIJLS7AAFnjYjkRvLd92yRWPaM,*** Visible after upgrade ***,*** Visible after upgrade ***,*** Visible after upgrade ***,*** Visible after upgrade ***,*** Visible after upgrade ***,*** Visible after upgrade ***,*** Visible after upgrade ***,*** Visible after upgrade ***,*** Visible after upgrade ***
STYLE VIBES,"Medanta hospital road, wali gali, near destiny cafe ki pass, Vijay Nagar, Indore, Madhya Pradesh 452010",Medanta hospital road,wali gali,Clothing store,091116 58585,"091116 58585, +91 91116 58585",YES,44,4,https://search.google.com/local/reviews?placeid=ChIJO2qjx0P9YjkRkwC0SBC0CbM&q=boutiques+in+scheme+no+54++indore&authuser=0&hl=en&gl=IN,https://www.google.com/maps?cid=12901040589611729043,22.7485413,75.8978396,,,"Wednesday:[12–10 pm], Thursday:[12–10 pm], Friday:[12–10 pm], Saturday:[12–10 pm], Sunday:[12–10 pm], Monday:[12–10 pm], Tuesday:[12–10 pm]",https://lh3.googleusercontent.com/gps-cs-s/APNQkAFlruACB3e14Lv6d7wLcKiK6HrQhqYM4_kudHRWvBvmHaslqQynLVenXj86l4h7oPFSfpKlfKgV30xm9fDhvKWGHfRnOdox6j6MpVNBFzEmLQrV_9pAT5hpnGnI2oMtmecYsa4Km65N2cE=w122-h92-k-no,12901040589611729043,ChIJO2qjx0P9YjkRkwC0SBC0CbM,*** Visible after upgrade ***,*** Visible after upgrade ***,*** Visible after upgrade ***,*** Visible after upgrade ***,*** Visible after upgrade ***,*** Visible after upgrade ***,*** Visible after upgrade ***,*** Visible after upgrade ***,*** Visible after upgrade ***
Rivaazz The Fashion House,"26/1, Near 56 Dukan, Chain Singh Ka Bagicha, New Palasia, Indore, Madhya Pradesh 452001",26/1,"Near 56 Dukan, Chain Singh Ka Bagicha, New Palasia","Women's clothing store,Boutique",080856 44919,"080856 44919, +91 80856 44919",YES,333,4.7,https://search.google.com/local/reviews?placeid=ChIJ0ZxHpjj9YjkRbVPHGLX4wOY&q=boutiques+in+scheme+no+54++indore&authuser=0&hl=en&gl=IN,https://www.google.com/maps?cid=16627563280940356461,22.725843899999997,75.88417299999999,http://www.rivaazz.com/,rivaazz.com,"Wednesday:[11 am–9:30 pm], Thursday:[11 am–9:30 pm], Friday:[11 am–9:30 pm], Saturday:[11 am–9:30 pm], Sunday:[11 am–9:30 pm], Monday:[11 am–9:30 pm], Tuesday:[11 am–9:30 pm]",https://lh3.googleusercontent.com/gps-cs-s/APNQkAEYlQUo55sg1v51FeJuY9oVaUjnUcZxFbbBi4eCGT9iNw3ASNzVoQODWwaWh-PRNk-tPELwwSqQ5NdqDsu8B7iw22y726zBEsycTqokhYFlJQiV7EktHqiwCgLtwpI7qN3pPsvR4A=w80-h112-k-no,16627563280940356461,ChIJ0ZxHpjj9YjkRbVPHGLX4wOY,*** Visible after upgrade ***,*** Visible after upgrade ***,*** Visible after upgrade ***,*** Visible after upgrade ***,*** Visible after upgrade ***,*** Visible after upgrade ***,*** Visible after upgrade ***,*** Visible after upgrade ***,*** Visible after upgrade ***
The House of Indu,"226/227, 2nd Floor, Benchmark Building, Satya Sai Square, Vijay Nagar, Scheme No 54, Indore, Madhya Pradesh 452010","226/227, 2nd Floor, Benchmark Building",Satya Sai Square,"Designer Clothing Store,Clothing store,Wedding store",078078 05780,"078078 05780, +91 78078 05780",YES,56,4,https://search.google.com/local/reviews?placeid=ChIJxR4r8DwDYzkR3Eioy0FZY_A&q=boutiques+in+scheme+no+54++indore&authuser=0&hl=en&gl=IN,https://www.google.com/maps?cid=17321786730921609436,22.7545808,75.89865549999999,https://www.thehouseofindu.com/,thehouseofindu.com,"Wednesday:[10 am–7 pm], Thursday:[10 am–7 pm], Friday:[10 am–7 pm], Saturday:[10 am–7 pm], Sunday:[Closed], Monday:[10 am–7 pm], Tuesday:[10 am–7 pm]",https://lh3.googleusercontent.com/gps-cs-s/APNQkAGXQkU6BRshMPyqmBNOWTN3abAjOSY71J8slcn3RQd-lJeqIm3Vj7i8UvevosNs8DG3o0sihla0gmNJEpdAE0QRnWjW6Angr8QMFqnxbLNTN03O8Q3M9_8331k-jTFZIl84yNt_=w92-h92-k-no,17321786730921609436,ChIJxR4r8DwDYzkR3Eioy0FZY_A,*** Visible after upgrade ***,*** Visible after upgrade ***,*** Visible after upgrade ***,*** Visible after upgrade ***,*** Visible after upgrade ***,*** Visible after upgrade ***,*** Visible after upgrade ***,*** Visible after upgrade ***,*** Visible after upgrade ***
"Pernia’s Pop-Up Studio, Indore","391 and 392, Ground Floor, BPK Titanium, AB Rd, Sector A, Slice 6, Aranya Nagar, Niranjanpur, Indore, Madhya Pradesh 452010","391 and 392, Ground Floor",BPK Titanium,Designer Clothing Store,088288 05656,"088288 05656, +91 88288 05656",YES,175,4.6,https://search.google.com/local/reviews?placeid=ChIJm3xqWC4DYzkRocQI2NfJ-Ck&q=boutiques+in+scheme+no+54++indore&authuser=0&hl=en&gl=IN,https://www.google.com/maps?cid=3024389078658892961,22.7606277,75.8980064,https://www.perniaspopupshop.com/store/indore-studio,perniaspopupshop.com,"Wednesday:[11 am–9 pm], Thursday:[11 am–9 pm], Friday:[11 am–9 pm], Saturday:[11 am–9 pm], Sunday:[11 am–9 pm], Monday:[11 am–9 pm], Tuesday:[11 am–9 pm]",https://lh3.googleusercontent.com/gps-cs-s/APNQkAGUzuwFZFtxucnyH31ZbJULBDL41O-oOnWx0oCKkHEknXT-UP4EJwusVWIcDhw0pBmo9zFsW5VpZWFfpJ6zFweMJyUZpJY2phrdBZ8jopQHcBtzkx4XUi3QPjBTb6tKaJPzIUqf=w122-h92-k-no,3024389078658892961,ChIJm3xqWC4DYzkRocQI2NfJ-Ck,*** Visible after upgrade ***,*** Visible after upgrade ***,*** Visible after upgrade ***,*** Visible after upgrade ***,*** Visible after upgrade ***,*** Visible after upgrade ***,*** Visible after upgrade ***,*** Visible after upgrade ***,*** Visible after upgrade ***
Evafab - Best Ladies Tailor Indore,"66 Ratnalok Colony Scheme No 53, behind Apollo Premier, Vijay Nagar, Indore, Madhya Pradesh 452010",66 Ratnalok Colony Scheme No 53,behind Apollo Premier,Tailor,072411 91194,"072411 91194, +91 72411 91194",YES,103,4.5,https://search.google.com/local/reviews?placeid=ChIJtcE3NaoCYzkRtHjVTP648iY&q=boutiques+in+scheme+no+54++indore&authuser=0&hl=en&gl=IN,https://www.google.com/maps?cid=2806508920155502772,22.7495965,75.89866959999999,http://evafab.com/,evafab.com,"Wednesday:[12–8 pm], Thursday:[12–8 pm], Friday:[12–8 pm], Saturday:[12–8 pm], Sunday:[Closed], Monday:[12–8 pm], Tuesday:[12–8 pm]",https://lh3.googleusercontent.com/gps-cs-s/APNQkAEbNgoGdkb_1VHs4TT6gt61Oa_PazycZeGJ3L_QDdbiehe4pDGOa-NM17ot3iPoOtoFHROBOumi3BN_h9Le6rSbE2ZIbLMuJhf2ML5aVsLFfeo53BnXLEilOQa-QvqVCBOCIw8dCg=w150-h92-k-no,2806508920155502772,ChIJtcE3NaoCYzkRtHjVTP648iY,*** Visible after upgrade ***,*** Visible after upgrade ***,*** Visible after upgrade ***,*** Visible after upgrade ***,*** Visible after upgrade ***,*** Visible after upgrade ***,*** Visible after upgrade ***,*** Visible after upgrade ***,*** Visible after upgrade ***
The Raymond shop,"Ground Floor, Malhar Mega Mall, AB Rd, Scheme 54 PU4, Indore, Madhya Pradesh 452010",Ground Floor,Malhar Mega Mall,"Clothing store,Designer Clothing Store,Dress store,Fabric store,Clothing Accessories Store,Formal Clothing Store,Men's clothing store,Tuxedo shop,Youth clothing store",080 4493 9064,"080 4493 9064, +91 80 4493 9064",YES,839,4.9,https://search.google.com/local/reviews?placeid=ChIJ1ycxmo_9YjkRQFbTWzQ0u8E&q=boutiques+in+scheme+no+54++indore&authuser=0&hl=en&gl=IN,https://www.google.com/maps?cid=13959808869448504896,22.7447773,75.89457019999999,https://scheme-54-pu4.myraymond.com/,scheme-54-pu4.myraymond.com,"Wednesday:[10:30 am–9:30 pm], Thursday:[10:30 am–9:30 pm], Friday:[10:30 am–9:30 pm], Saturday:[10:30 am–9:30 pm], Sunday:[10:30 am–9:30 pm], Monday:[10:30 am–9:30 pm], Tuesday:[10:30 am–9:30 pm]",https://lh3.googleusercontent.com/gps-cs-s/APNQkAESm5npmdOFBfUP9faH1g65hgD_PX_V3A4Ds76xr86F-sHUzgL7NCSjfkiAtLM3bqHjT6mizzmS1WOItyR8SDCyWKruP9jTKR7WP8rsHrwQQa4Zjgvw4m708eIJ_LLdd44JQ7pl=w137-h92-k-no,13959808869448504896,ChIJ1ycxmo_9YjkRQFbTWzQ0u8E,*** Visible after upgrade ***,*** Visible after upgrade ***,*** Visible after upgrade ***,*** Visible after upgrade ***,*** Visible after upgrade ***,*** Visible after upgrade ***,*** Visible after upgrade ***,*** Visible after upgrade ***,*** Visible after upgrade ***
thefashnora,"58, near medanta hospital, Adarsh Meghdoot Nagar, Indore, Madhya Pradesh 452010",58,near medanta hospital,"E-commerce service,Clothing store",075664 87371,"075664 87371, +91 75664 87371",YES,25,5,https://search.google.com/local/reviews?placeid=ChIJ_xP2FdDjYjkR5U60CwoIUH0&q=boutiques+in+scheme+no+54++indore&authuser=0&hl=en&gl=IN,https://www.google.com/maps?cid=9029726092116905701,22.749648699999998,75.8996178,https://thefashnora.com/,thefashnora.com,"Wednesday:[Open 24 hours], Thursday:[Open 24 hours], Friday:[Open 24 hours], Saturday:[Open 24 hours], Sunday:[Open 24 hours], Monday:[Open 24 hours], Tuesday:[Open 24 hours]",https://lh3.googleusercontent.com/gps-cs-s/APNQkAEekEdGmzvun0QWSU0NJq6ywp2sbvYdjrmjjZGaokgNFCo5g2zJ7rFFXXheNjKxjl4p8JONeuDzifGxhvXs3MED4uLSoULZDCK2kPghSe4Xea2DSmrJ9bEg4R97XipWWoDgAaEf7c5pxK7g=w92-h92-k-no,9029726092116905701,ChIJ_xP2FdDjYjkR5U60CwoIUH0,*** Visible after upgrade ***,*** Visible after upgrade ***,*** Visible after upgrade ***,*** Visible after upgrade ***,*** Visible after upgrade ***,*** Visible after upgrade ***,*** Visible after upgrade ***,*** Visible after upgrade ***,*** Visible after upgrade ***
Royal Dubai Men's Boutique,"Sahil Regency, Habib Colony, Indore, Madhya Pradesh 452016",Sahil Regency,Habib Colony,Men's clothing store,091111 12652,"091111 12652, +91 91111 12652",YES,24,4.3,https://search.google.com/local/reviews?placeid=ChIJ60zwaFH9YjkRHoTJ3PONgWA&q=boutiques+in+scheme+no+54++indore&authuser=0&hl=en&gl=IN,https://www.google.com/maps?cid=6953995378157519902,22.7387624,75.9034066,,,"Wednesday:[11 am–9 pm], Thursday:[11 am–9 pm], Friday:[11 am–9 pm], Saturday:[11 am–9 pm], Sunday:[12–5:30 pm], Monday:[11 am–9 pm], Tuesday:[11 am–9 pm]",https://lh3.googleusercontent.com/gps-cs-s/APNQkAFnVZ1r_x5r8HTI8inPsF9MqZYh1I0bp56zpxYXtBtpczKWCzrn4TLncxtmUuT6wkgvJ9mMBFotO-2zBu99UlXr30dUBvG6_8JpqVXQrY2amsL9r1YhIMPZUc2M_Oam-98MIADE=w80-h106-k-no,6953995378157519902,ChIJ60zwaFH9YjkRHoTJ3PONgWA,*** Visible after upgrade ***,*** Visible after upgrade ***,*** Visible after upgrade ***,*** Visible after upgrade ***,*** Visible after upgrade ***,*** Visible after upgrade ***,*** Visible after upgrade ***,*** Visible after upgrade ***,*** Visible after upgrade ***
Lifestyle Stores,"C21 Mall, Scheme No 54, Bombay Rd, Vijay Nagar, Sheetal Nagar, Agra, Indore, Madhya Pradesh 452010","C21 Mall, Scheme No 54",Bombay Rd,"Clothing store,Bag shop,Beauty supply store,Childrens Store,Shopping mall,Gift shop,Men's clothing store,Perfume store,Shoe store,Women's clothing store",080 6501 1555,"080 6501 1555, +91 80 6501 1555",YES,626,4.1,https://search.google.com/local/reviews?placeid=ChIJXf4OVlH9YjkRryb6fAX4rUQ&q=boutiques+in+scheme+no+54++indore&authuser=0&hl=en&gl=IN,https://www.google.com/maps?cid=4948884268005336751,22.7439793,75.8939898,https://stores.lifestylestores.com/lifestyle-stores-shopping-centre-vijay-nagar-indore-69222/Home?utm_source=locator&utm_medium=googleplaces,stores.lifestylestores.com,"Wednesday:[11 am–9:30 pm], Thursday:[11 am–9:30 pm], Friday:[11 am–9:30 pm], Saturday:[11 am–9:30 pm], Sunday:[11 am–9:30 pm], Monday:[11 am–9:30 pm], Tuesday:[11 am–9:30 pm]",https://lh3.googleusercontent.com/gps-cs-s/APNQkAFRUj0yMIdlI8ZaN4Z472dNFS5zpIQtRDUSBDDPwnwPxLzIm8USWfBh3CUeyat0DYJwu6hPi7rqcQw7JcxxFzvkda4tcRGKI5kIfdgiSZe0F5EetbCxLquhJsgjF7O1S4xUjtcJXA=w122-h92-k-no,4948884268005336751,ChIJXf4OVlH9YjkRryb6fAX4rUQ,*** Visible after upgrade ***,*** Visible after upgrade ***,*** Visible after upgrade ***,*** Visible after upgrade ***,*** Visible after upgrade ***,*** Visible after upgrade ***,*** Visible after upgrade ***,*** Visible after upgrade ***,*** Visible after upgrade ***
Manoram Boutique,"76 A, Vaishali Nagar, Indore, Madhya Pradesh 452009",76 A,Vaishali Nagar,Boutique,QOBNas7DDo7TwcsPr5LgqQM,,YES,49,4.8,https://search.google.com/local/reviews?placeid=ChIJT5614Eb8YjkR92OGKkT2AlI&q=boutiques+in+scheme+no+54++indore&authuser=0&hl=en&gl=IN,https://www.google.com/maps?cid=5909556433695171575,22.6819769,75.8333621,,,"Wednesday:[10:30 am–9 pm], Thursday:[10:30 am–9 pm], Friday:[10:30 am–9 pm], Saturday:[10:30 am–9 pm], Sunday:[Closed], Monday:[10:30 am–9 pm], Tuesday:[10:30 am–9 pm]",https://lh3.googleusercontent.com/gps-cs-s/APNQkAEevv9TNFEDwSkyqiHM2pyeUvcpXRWKm_9rRsrwaMiHXdqPbTSpeDkb1DNSJda6VyqaiEgD235BZnYcksTpGCsYT54esUCqvIZxY-mNr9kbTW555cUYss_uhc8hDK62n4f0x7Q=w80-h144-k-no,5909556433695171575,ChIJT5614Eb8YjkR92OGKkT2AlI,*** Visible after upgrade ***,*** Visible after upgrade ***,*** Visible after upgrade ***,*** Visible after upgrade ***,*** Visible after upgrade ***,*** Visible after upgrade ***,*** Visible after upgrade ***,*** Visible after upgrade ***,*** Visible after upgrade ***
"Etiquette Apparel Store (Darshan Mall, Indore)","UG-04, Darshan Mall, Race Course Rd, near Janjeerwaala Circle, opposite Abhay Prashal, Near Janjeerwala Square, Opposite B.B.C, Race Course Road, Indore, Madhya Pradesh 452001",UG-04,Darshan Mall,"Clothing store,Designer Clothing Store,Dress store,Plus Size Clothing Store,Western apparel store,Youth clothing store",0731 495 7808,"0731 495 7808, +91 731 495 7808",YES,37,4.9,https://search.google.com/local/reviews?placeid=ChIJ40VbBT0DYzkRkntiFFqLjjE&q=boutiques+in+scheme+no+54++indore&authuser=0&hl=en&gl=IN,https://www.google.com/maps?cid=3570944773556698002,22.726102299999997,75.878494,,,"Wednesday:[11 am–9:30 pm], Thursday:[11 am–9:30 pm], Friday:[11 am–9:30 pm], Saturday:[11 am–9:30 pm], Sunday:[11 am–9:30 pm], Monday:[11 am–9:30 pm], Tuesday:[11 am–9:30 pm]",https://lh3.googleusercontent.com/gps-cs-s/APNQkAFuDaZsLBidNOW61LdbwZXYSMQL23nOhBtHLzByiaG3CQyClWQimklOpu6OqU7TIVlbiufxIJNyh3cLYm5hP2HdM82sGyFBlsd_iopnckLUM0VFABV8I69ESWoRpuSm4vd_6UDA=w199-h92-k-no,3570944773556698002,ChIJ40VbBT0DYzkRkntiFFqLjjE,*** Visible after upgrade ***,*** Visible after upgrade ***,*** Visible after upgrade ***,*** Visible after upgrade ***,*** Visible after upgrade ***,*** Visible after upgrade ***,*** Visible after upgrade ***,*** Visible after upgrade ***,*** Visible after upgrade ***
NAKODA'S BOUTIQUE,"17, Kanchan Bagh, Indore, Madhya Pradesh 452001",17,Kanchan Bagh,"Boutique,Designer Clothing Store",081090 31521,"081090 31521, +91 81090 31521",YES,650,4.2,https://search.google.com/local/reviews?placeid=ChIJJ8HDO6H9YjkRTzj5K6gFMl8&q=boutiques+in+scheme+no+54++indore&authuser=0&hl=en&gl=IN,https://www.google.com/maps?cid=6859551402289084495,22.7200478,75.8826514,http://www.nakodasboutique.com/,nakodasboutique.com,"Wednesday:[11 am–8:30 pm], Thursday:[11 am–8:30 pm], Friday:[11 am–8:30 pm], Saturday:[11 am–8:30 pm], Sunday:[11 am–8 pm], Monday:[11 am–8:30 pm], Tuesday:[11 am–8:30 pm]",https://lh3.googleusercontent.com/gps-cs-s/APNQkAEGLJa_QymPZg2j_dUuouR_NokujTtgaJn5_PH_XL1CdG1F331sjHAiPv8h1VM4r3v8mFb22KV99BjiszKZhgyZpm1uSbnLP2kfSpUTSbspSDlPWzBtiE1UxOQY5LGf4IUPcOUOZg=w137-h92-k-no,6859551402289084495,ChIJJ8HDO6H9YjkRTzj5K6gFMl8,*** Visible after upgrade ***,*** Visible after upgrade ***,*** Visible after upgrade ***,*** Visible after upgrade ***,*** Visible after upgrade ***,*** Visible after upgrade ***,*** Visible after upgrade ***,*** Visible after upgrade ***,*** Visible after upgrade ***
LifeStyle Beauty | Best Cosmetics Store | Perfumes | Cosmetics Store At Vijay Nagar Indore | Beauty Product Store In Indore,"G2-G7 Giriraj Grande Scheme no 54 Vijay Nagar Near satya sai square, Indore, Madhya Pradesh 452010",G2-G7 Giriraj Grande Scheme no 54 Vijay Nagar Near satya sai square,"Indore, Madhya Pradesh 452010","Cosmetics store,Beauty product supplier,General store,Perfume store",098260 11168,"098260 11168, +91 98260 11168",YES,263,4.9,https://search.google.com/local/reviews?placeid=ChIJb_0l9bsDYzkR5_VIzAcuTyA&q=boutiques+in+scheme+no+54++indore&authuser=0&hl=en&gl=IN,https://www.google.com/maps?cid=2328130143400818151,22.755758,75.89523559999999,,,"Wednesday:[11:45 am–9:45 pm], Thursday:[11:45 am–9:45 pm], Friday:[11:45 am–9:45 pm], Saturday:[11:45 am–9:45 pm], Sunday:[11:45 am–9:45 pm], Monday:[11:45 am–9:45 pm], Tuesday:[11:45 am–9:45 pm]",https://lh3.googleusercontent.com/gps-cs-s/APNQkAFl9Q6pf1f_7xxmOQfP7KKgBLYX6I6y1AB5fJycvpWuwpN8ROhs4iZtYJoaZ9Lu7CLd7wfvvNkxYvWol8PHZX3bgWjNSHdL6xfQJG2IBL4J0gvNH4vRAwwYL7avEsgbYU28xGQ5=w138-h92-k-no,2328130143400818151,ChIJb_0l9bsDYzkR5_VIzAcuTyA,*** Visible after upgrade ***,*** Visible after upgrade ***,*** Visible after upgrade ***,*** Visible after upgrade ***,*** Visible after upgrade ***,*** Visible after upgrade ***,*** Visible after upgrade ***,*** Visible after upgrade ***,*** Visible after upgrade ***
Panchhi by Abha,"M101, Race Course Rd, New Palasia, Indore, Madhya Pradesh 452001",M101,Race Course Rd,Designer Clothing Store,093034 72298,"093034 72298, +91 93034 72298",YES,511,4.8,https://search.google.com/local/reviews?placeid=ChIJG7hC_wr9YjkRLHy8wrQ6Wpg&q=boutiques+in+scheme+no+54++indore&authuser=0&hl=en&gl=IN,https://www.google.com/maps?cid=10978151589704662060,22.727322299999997,75.8836865,,,"Wednesday:[12–8:30 pm], Thursday:[12–8:30 pm], Friday:[12–8:30 pm], Saturday:[12–8:30 pm], Sunday:[2–8:30 pm], Monday:[12–8:30 pm], Tuesday:[12–8:30 pm]",https://lh3.googleusercontent.com/gps-cs-s/APNQkAGmQU7uy_U00EAsMk5LB-jQ5RusGuIwwHUDy-VkZ8oU7aECPZ4OegYqz-8k60HQWkjtHF1sWLJjgvMYSRLn1FctFpEfhQMsCV-I71bGxv40fbsCPf8jttrURY4e5oYilwMmm17T=w80-h106-k-no,10978151589704662060,ChIJG7hC_wr9YjkRLHy8wrQ6Wpg,*** Visible after upgrade ***,*** Visible after upgrade ***,*** Visible after upgrade ***,*** Visible after upgrade ***,*** Visible after upgrade ***,*** Visible after upgrade ***,*** Visible after upgrade ***,*** Visible after upgrade ***,*** Visible after upgrade ***
Vaibhav Boutique,"Ram Baug, 205, Tilak Path Rd, Tilak Path, Chauraha, Indore, Madhya Pradesh 452001",Ram Baug,"205, Tilak Path Rd",Boutique,099260 92700,"099260 92700, +91 99260 92700",YES,328,4.9,https://search.google.com/local/reviews?placeid=ChIJoTd_PHT9YjkR5f5k2rMdpCo&q=boutiques+in+scheme+no+54++indore&authuser=0&hl=en&gl=IN,https://www.google.com/maps?cid=3072613504073924325,22.7221106,75.8570572,,,"Wednesday:[10 am–9 pm], Thursday:[10 am–9 pm], Friday:[10 am–9 pm], Saturday:[10 am–9 pm], Sunday:[Closed], Monday:[10 am–9 pm], Tuesday:[10 am–9 pm]",https://lh3.googleusercontent.com/gps-cs-s/APNQkAFGRajpgQzfPzUTZQZBwcVPiMebdesA0vD40PfEqsxMTvReeiwiplZ-vJdmCsNNNLiJGG9SFDxiEyRY7ekkuIKD2PjON4PJB12eIzjyR8U8N8tEIUfrYGuRqIRbcGrpOAvxXR_yvdXg5lhn=w80-h106-k-no,3072613504073924325,ChIJoTd_PHT9YjkR5f5k2rMdpCo,*** Visible after upgrade ***,*** Visible after upgrade ***,*** Visible after upgrade ***,*** Visible after upgrade ***,*** Visible after upgrade ***,*** Visible after upgrade ***,*** Visible after upgrade ***,*** Visible after upgrade ***,*** Visible after upgrade ***
Aanchal Boutique,"No 241 Ext, Ranjeet Hanuman Rd, Usha Nagar, Scheme 71, Indore, Madhya Pradesh 452009",No 241 Ext,Ranjeet Hanuman Rd,Women's clothing store,089898 88883,"089898 88883, +91 89898 88883",YES,14,4.2,https://search.google.com/local/reviews?placeid=ChIJ24pQU7L9YjkRkiIpK3XGFOU&q=boutiques+in+scheme+no+54++indore&authuser=0&hl=en&gl=IN,https://www.google.com/maps?cid=16507036740757299858,22.7007819,75.8375495,,,"Wednesday:[10:30 am–10 pm], Thursday:[10:30 am–10 pm], Friday:[10:30 am–10 pm], Saturday:[10:30 am–10 pm], Sunday:[10:30 am–10 pm], Monday:[10:30 am–10 pm], Tuesday:[10:30 am–10 pm]",https://lh3.googleusercontent.com/gps-cs-s/APNQkAFANTAi7p7JoA_X5BC9aGc2AM27hfslC-voLOrF1TmomFJPDtvShMDFzQ4TR9dHnXozzqgkAC218fBf47z0ZPjM-9PCvopi9DVcmudW_HxLWavEUCV9AIe33gKQ30Jkfnm077nq=w163-h92-k-no,16507036740757299858,ChIJ24pQU7L9YjkRkiIpK3XGFOU,*** Visible after upgrade ***,*** Visible after upgrade ***,*** Visible after upgrade ***,*** Visible after upgrade ***,*** Visible after upgrade ***,*** Visible after upgrade ***,*** Visible after upgrade ***,*** Visible after upgrade ***,*** Visible after upgrade ***
JAANSHI BOUTIQUE,"Scheme No 74, Indore, Madhya Pradesh 452010",Scheme No 74,"Indore, Madhya Pradesh 452010",Clothing store,094259 39644,"094259 39644, +91 94259 39644",NO,1,1,https://search.google.com/local/reviews?placeid=ChIJc5ksDqUCYzkR4AZflfLXdjY&q=boutiques+in+scheme+no+54++indore&authuser=0&hl=en&gl=IN,https://www.google.com/maps?cid=3924561562188056288,22.7587865,75.8862609,,,,https://streetviewpixels-pa.googleapis.com/v1/thumbnail?panoid=bqPGGVIxkxd_iXtYEu_ysg&cb_client=search.gws-prod.gps&w=80&h=92&yaw=97.871735&pitch=0&thumbfov=100,3924561562188056288,ChIJc5ksDqUCYzkR4AZflfLXdjY,*** Visible after upgrade ***,*** Visible after upgrade ***,*** Visible after upgrade ***,*** Visible after upgrade ***,*** Visible after upgrade ***,*** Visible after upgrade ***,*** Visible after upgrade ***,*** Visible after upgrade ***,*** Visible after upgrade ***
Nitram Diamond Boutique,"Mangalam Pearl, G-102, 633 B, Scheme 2C, New Palasia, Indore, Madhya Pradesh 452001",Mangalam Pearl,G-102,Jewelry store,098930 05052,"098930 05052, +91 98930 05052",YES,38,4.8,https://search.google.com/local/reviews?placeid=ChIJcW--I5X9YjkRGlhKhWRZGSU&q=boutiques+in+scheme+no+54++indore&authuser=0&hl=en&gl=IN,https://www.google.com/maps?cid=2673266142088943642,22.7280236,75.88572769999999,,,"Wednesday:[12–8 pm], Thursday:[12–8 pm], Friday:[12–8 pm], Saturday:[12–8 pm], Sunday:[Closed], Monday:[12–8 pm], Tuesday:[12–8 pm]",https://lh3.googleusercontent.com/gps-cs-s/APNQkAF7E1FSGNf7jVyRGGsRuGUNpavc8cxN3MJeZejpgj9Lk38yED6K0RyQlUE8CpS_qdOXWc-voYGv_cBUX-vgaE58GpUWHnKgj0fxMVqt0TSiiGUEfYB6YnVyQiUezXlfQHa_wE7Q=w80-h142-k-no,2673266142088943642,ChIJcW--I5X9YjkRGlhKhWRZGSU,*** Visible after upgrade ***,*** Visible after upgrade ***,*** Visible after upgrade ***,*** Visible after upgrade ***,*** Visible after upgrade ***,*** Visible after upgrade ***,*** Visible after upgrade ***,*** Visible after upgrade ***,*** Visible after upgrade ***
Bandhni Boutique Private Limited,"29/3, Lala Banarasilal Dawar Marg, Janjeerwala Square, New Palasia, Indore, Madhya Pradesh 452001",29/3,Lala Banarasilal Dawar Marg,Boutique,098270 31614,"098270 31614, +91 98270 31614",NO,9,4.8,https://search.google.com/local/reviews?placeid=ChIJoUjMxED9YjkRMdcqn80MN5o&q=boutiques+in+scheme+no+54++indore&authuser=0&hl=en&gl=IN,https://www.google.com/maps?cid=11112364682838202161,22.7277845,75.8814834,,,"Wednesday:[11:30 am–5:30 pm], Thursday:[11:30 am–5:30 pm], Friday:[11:30 am–5:30 pm], Saturday:[11:30 am–5:30 pm], Sunday:[Closed], Monday:[11:30 am–5:30 pm], Tuesday:[11:30 am–5:30 pm]",https://streetviewpixels-pa.googleapis.com/v1/thumbnail?panoid=39wgpRDmj1tJLQdHWt20Uw&cb_client=search.gws-prod.gps&w=80&h=92&yaw=289.7131&pitch=0&thumbfov=100,11112364682838202161,ChIJoUjMxED9YjkRMdcqn80MN5o,*** Visible after upgrade ***,*** Visible after upgrade ***,*** Visible after upgrade ***,*** Visible after upgrade ***,*** Visible after upgrade ***,*** Visible after upgrade ***,*** Visible after upgrade ***,*** Visible after upgrade ***,*** Visible after upgrade ***
Bani thani Boutique,"155, Surya Dev Nagar, Indore, Madhya Pradesh 452009",155,Surya Dev Nagar,Boutique,090097 79590,"090097 79590, +91 90097 79590",YES,26,4.5,https://search.google.com/local/reviews?placeid=ChIJ3bYVEDn8YjkRtp2otl6eADo&q=boutiques+in+scheme+no+54++indore&authuser=0&hl=en&gl=IN,https://www.google.com/maps?cid=4179514583828438454,22.6819906,75.8264331,,,"Wednesday:[10 am–8 pm], Thursday:[10 am–8 pm], Friday:[10 am–8 pm], Saturday:[10 am–8 pm], Sunday:[Closed], Monday:[10 am–8 pm], Tuesday:[10 am–8 pm]",https://lh3.googleusercontent.com/gps-cs-s/APNQkAGiiVr4tDDxEQU5yHBQoD-Q8mfvTDMyQ8L78kyYv9AZ3TKkUhhrtjOjlY0M6QXbWIH4QenuEX4CubGrRoOk7a3bgk_dzS28MUg8COl5GhZ6_HoD8YDSP9CpWz_NvrVoa9WhRQXVXqQ7klbe=w122-h92-k-no,4179514583828438454,ChIJ3bYVEDn8YjkRtp2otl6eADo,*** Visible after upgrade ***,*** Visible after upgrade ***,*** Visible after upgrade ***,*** Visible after upgrade ***,*** Visible after upgrade ***,*** Visible after upgrade ***,*** Visible after upgrade ***,*** Visible after upgrade ***,*** Visible after upgrade ***
Sutra Mens Studio,"Malwa Tower, 10, Guitar Square, Old Palasia, Indore, Madhya Pradesh 452001",Malwa Tower,"10, Guitar Square","Men's clothing store,Designer Clothing Store",0731 494 9494,"0731 494 9494, +91 731 494 9494",YES,120,4.6,https://search.google.com/local/reviews?placeid=ChIJxw5_PTb9YjkRpZIFtjyZ6wE&q=boutiques+in+scheme+no+54++indore&authuser=0&hl=en&gl=IN,https://www.google.com/maps?cid=138372699595838117,22.7261264,75.8872906,http://sutraindore.com/,sutraindore.com,"Wednesday:[11:30 am–9 pm], Thursday:[11:30 am–9 pm], Friday:[11:30 am–9 pm], Saturday:[11:30 am–9 pm], Sunday:[1:30–8 pm], Monday:[11:30 am–9 pm], Tuesday:[11:30 am–9 pm]",https://lh3.googleusercontent.com/gps-cs-s/APNQkAEBcsf1xU97I9AHokl0XUlqJ2ip9Q2SvADBrTAjAaqIefv8FH3PhKCd8O-7z8c8p6SDQudaKsi3tBPh6IxD4xw7iLoa7rKI-_a3_h8qX2vBqFyn0jHkJSCMuAObRBOwaZoXqvjf=w204-h92-k-no,138372699595838117,ChIJxw5_PTb9YjkRpZIFtjyZ6wE,*** Visible after upgrade ***,*** Visible after upgrade ***,*** Visible after upgrade ***,*** Visible after upgrade ***,*** Visible after upgrade ***,*** Visible after upgrade ***,*** Visible after upgrade ***,*** Visible after upgrade ***,*** Visible after upgrade ***
Crimson Boutique,"15-B, Utkarsh Estate, Ring Rd, near Bangali Square, Indore, Madhya Pradesh 452016","15-B, Utkarsh Estate",Ring Rd,Boutique,098260 76499,"098260 76499, +91 98260 76499",YES,7,5,https://search.google.com/local/reviews?placeid=ChIJyUTnDrnjYjkRI3E6Xu71OPA&q=boutiques+in+scheme+no+54++indore&authuser=0&hl=en&gl=IN,https://www.google.com/maps?cid=17309855571930411299,22.7153606,75.9069286,,,"Wednesday:[10 am–7:30 pm], Thursday:[10 am–7:30 pm], Friday:[10 am–7:30 pm], Saturday:[10 am–7:30 pm], Sunday:[Closed], Monday:[10 am–7:30 pm], Tuesday:[10 am–7:30 pm]",https://lh3.googleusercontent.com/gps-cs-s/APNQkAFB_GyWRk522aHMNC9sMjGbofdMz-3oYJGpVoXr7FxzmMDZFsmI9EryZomhqPOaXqlHIq62Tfy0J6ocgQzTBHFqtVX__imc5eaJN0WrRV72nd_K1Gi-Bvkf4-rPeOErf-5_5zsWfg=w80-h106-k-no,17309855571930411299,ChIJyUTnDrnjYjkRI3E6Xu71OPA,*** Visible after upgrade ***,*** Visible after upgrade ***,*** Visible after upgrade ***,*** Visible after upgrade ***,*** Visible after upgrade ***,*** Visible after upgrade ***,*** Visible after upgrade ***,*** Visible after upgrade ***,*** Visible after upgrade ***
Amoha Boutique,"AH-57, Kadambari Nagar, near Silicon City, Silicon City, Indore, Madhya Pradesh 452012","AH-57, Kadambari Nagar",near Silicon City,Boutique,099930 06777,"099930 06777, +91 99930 06777",YES,55,5,https://search.google.com/local/reviews?placeid=ChIJvz1Setn7YjkRP8iBxHDoTW0&q=boutiques+in+scheme+no+54++indore&authuser=0&hl=en&gl=IN,https://www.google.com/maps?cid=7876206894371686463,22.645521,75.82871,,,"Wednesday:[11:30 am–8:30 pm], Thursday:[11:30 am–8:30 pm], Friday:[11:30 am–8:30 pm], Saturday:[11:30 am–8:30 pm], Sunday:[Closed], Monday:[11:30 am–8:30 pm], Tuesday:[11:30 am–8:30 pm]",https://lh3.googleusercontent.com/gps-cs-s/APNQkAHCgIdMgplNRuoYOtElwXxCkBtU-5JhGb_5juB4S33f80Zj3AM4mvjaL0QS_I8Exp0wVJAOxZttFLDwUlVpZae8ya1Ay1DJ5n1WvK2k1i1i2Oei4XUgXHCJUWyvZYB27cmOvOMv=w122-h92-k-no,7876206894371686463,ChIJvz1Setn7YjkRP8iBxHDoTW0,*** Visible after upgrade ***,*** Visible after upgrade ***,*** Visible after upgrade ***,*** Visible after upgrade ***,*** Visible after upgrade ***,*** Visible after upgrade ***,*** Visible after upgrade ***,*** Visible after upgrade ***,*** Visible after upgrade ***